ClubID,ClubName,Description
1,dicta,"Et esse omnis at ipsum enim veritatis tempora. Illo aut ut vel vero. Minima aut tenetur id molestiae autem praesentium odio."
2,ratione,"Corporis tenetur vel temporibus enim aperiam laboriosam. Perferendis sunt rerum fugiat adipisci illo velit. Repellat voluptas enim odit saepe est natus perspiciatis. Error quisquam et itaque libero nostrum dolorum non. Beatae non molestiae itaque et est."
3,alias,"Architecto omnis et quis. Suscipit magni et praesentium quis. Autem minus quis assumenda sapiente placeat culpa ratione tenetur. Et possimus doloremque dolor odio temporibus ratione alias."
4,tempore,"Ex atque id facilis sit quisquam maxime rerum. Quibusdam explicabo hic nisi ducimus. Ut et qui qui."
5,quae,"Quia cupiditate ut commodi. Doloribus nulla quam ut et beatae aut. Deleniti qui voluptates autem quia itaque sapiente velit. Reiciendis aliquam nulla recusandae nobis hic illo consequuntur."
6,voluptas,"Mollitia nihil nulla quasi error non et et. Optio cumque exercitationem eum quasi quo harum eligendi. Omnis quidem nobis et dolorem rerum et. Explicabo pariatur reprehenderit asperiores sapiente. Molestiae similique voluptatibus magnam nostrum dolor."
7,velit,"Unde molestiae assumenda rerum quaerat error quos sit. Illum sapiente fugiat corporis et possimus."
8,magni,"Tempora at iure vero repellat alias fuga accusantium. Porro quod aspernatur voluptatum deserunt vitae nobis. Voluptas laudantium optio asperiores."
9,qui,"Reprehenderit excepturi qui totam voluptatum omnis perspiciatis. Maxime et qui beatae eum adipisci architecto. Maiores possimus aut tempora et laudantium. Amet voluptas ipsum autem molestiae."
10,molestiae,"Et est vero eum repellat. Error quia provident occaecati veritatis veniam fuga. Repudiandae doloribus consequatur alias inventore quibusdam. Molestiae ut officia ex et laborum et."
11,autem,"Numquam in eius consequatur alias. Esse velit ut ab quia commodi et inventore. Et officiis aut beatae cupiditate ipsa."
12,voluptatem,"Quidem iusto sint dolorem asperiores odio. Nobis voluptas laborum placeat voluptatem. Mollitia soluta nulla quia et suscipit beatae."
13,molestiae,"Libero tempore et dolorem et porro. Esse quis quibusdam impedit excepturi qui nesciunt reprehenderit quod. Voluptatem nostrum voluptatum adipisci quidem repellendus voluptatem et. Voluptatem id praesentium assumenda id quis et totam."
14,quaerat,"Tempore vero voluptatem consequatur atque sed reiciendis est. Aut expedita doloremque nemo voluptatem. Rem doloremque rerum sed cumque quaerat autem."
15,omnis,"Officia qui voluptas dolor sit sed voluptas. Ex dolor blanditiis tenetur. Fuga voluptatibus consequatur voluptates. Sed porro sed quam iste adipisci aut consequatur sed."
16,repellat,"Eligendi sunt dolorum velit autem. Deserunt suscipit repellat et voluptatibus id necessitatibus. Quam est alias inventore. Nihil voluptatem sint eos qui."
17,omnis,"Sint eos labore velit voluptas. Qui vel eos voluptatem illum alias quas. Quia mollitia sit non quod tenetur ut molestiae."
18,voluptas,"Voluptatem incidunt non debitis. Quisquam voluptatem qui dolorem. Ullam qui rerum voluptatem aperiam et."
19,ut,"Architecto ipsa iusto fugiat fugit fugit necessitatibus ut laudantium. Rerum officia voluptatem voluptatem nostrum nemo doloremque. Dignissimos ut quasi et deleniti ipsam quasi dicta. Totam in culpa et qui rem earum."
20,non,"Distinctio ut maxime facilis. Voluptates sit voluptatem voluptas vitae mollitia. Ex nobis provident vero quasi ipsa."
21,velit,"Excepturi fugit quia est aut aut enim. Sint veritatis tempore officia. Dolores quaerat aut omnis mollitia perferendis consectetur."
22,ea,"A totam eveniet et eius aliquid sit. Consequatur tempora ut sunt quasi beatae ut distinctio. Quo eius explicabo vitae molestias totam repellendus et."
23,aut,"Amet exercitationem excepturi dolor voluptate alias harum. Minima et eos officia rerum numquam quidem. Nemo sequi a quod quod corporis eos accusamus."
24,aut,"Maiores aut quas eum sequi. Et numquam vel et dolor nam ipsa ut. Suscipit esse fugiat cum ut. Dolor vitae qui et voluptates."
25,inventore,"Vel aut et ut ipsum ipsum laudantium. Doloribus modi iste iste totam necessitatibus ipsum distinctio. Officiis voluptatem labore nemo eum. Quis explicabo occaecati similique alias aut eum."
26,et,"Fuga quaerat placeat commodi inventore at doloribus. Magni rem est quo qui. Vero non enim sequi. Velit aut qui autem enim et."
27,omnis,"Omnis est dolor debitis consequatur. Iusto perferendis incidunt eveniet commodi beatae qui. Qui ipsa nulla temporibus."
28,totam,"Blanditiis a quis unde dolor exercitationem fuga et. Nemo veritatis laudantium ipsam quisquam asperiores. Exercitationem sed omnis doloremque magnam natus sed. In asperiores est aut voluptatibus distinctio officia quaerat."
29,voluptates,"Quaerat culpa tenetur quo occaecati. Et maiores qui officia culpa libero id. Alias ipsum nesciunt aut animi facilis ea delectus."
30,fugiat,"Minus tempore fugit exercitationem et quas. Mollitia eos tenetur eos. Iure nisi nam consequatur dignissimos voluptatibus laudantium. Quisquam minima excepturi commodi asperiores aliquid."
31,sunt,"Et ad perspiciatis quos facere accusamus quis cupiditate. Aliquid repellat ea necessitatibus commodi. Autem officia nemo ullam nisi nemo sit. Eum aut id quo natus dolor dolorem necessitatibus."
32,suscipit,"Animi quidem et laudantium omnis. Aut reiciendis necessitatibus impedit fugit sequi dolor. Veritatis rerum eum aut. Perspiciatis voluptatem vel nihil modi explicabo modi."
33,sit,"Voluptatum eius veniam officia ut ut voluptatem. Minima in qui facilis sunt corrupti repellendus accusamus ut. Eum odit vel reiciendis et. Voluptatibus non provident nemo perferendis repudiandae. Quidem natus totam sint atque voluptatum."
34,ut,"Consectetur ratione commodi itaque earum id. Odio quas nostrum delectus recusandae autem exercitationem. Porro sapiente et vel commodi dignissimos aperiam. In doloribus eos nemo quo labore velit."
35,ea,"Iure praesentium ratione voluptates nam eius eaque quae. Eius deserunt id excepturi aut. Dolor veniam dignissimos deleniti repudiandae rerum. Quasi optio molestiae corporis libero."
36,possimus,"Odio rerum quo quae illum facere mollitia distinctio. Blanditiis nihil et soluta ipsa eveniet ut fuga non. Dolores quaerat accusamus dolores maxime occaecati non magnam. Aut officia harum culpa nesciunt vel eum."
37,recusandae,"Voluptate qui animi omnis culpa et in ad. Odit hic repudiandae soluta dolor nostrum eius sit. Cupiditate rerum odio in omnis."
38,dicta,"Perferendis nobis eum fugit porro error qui repellat. Ducimus saepe inventore ea sint praesentium repudiandae minus. Quis voluptatibus asperiores voluptatem quo rerum ab."
39,eaque,"Veritatis commodi perferendis voluptatem est omnis. Ullam accusamus aut exercitationem enim nobis. Sit et voluptas qui architecto ut."
40,labore,"Recusandae beatae labore libero dolor molestiae excepturi nam. Saepe autem nesciunt laborum deserunt vel qui animi. Id reprehenderit voluptatem voluptate accusantium a dolores mollitia corporis. Quos architecto labore aut sunt veniam et."
41,sed,"Aut nam fuga iste porro. Atque est occaecati eos error quod odit. Ut est iusto quas nihil est vel. Eos facilis nulla in sed est nemo quidem."
42,qui,"Eos eum repellendus amet aut quo consequatur eos. Vero neque debitis ullam molestiae enim. Blanditiis voluptates praesentium doloremque eum voluptas ipsam quo. Et magnam molestias sunt et."
43,eum,"Recusandae assumenda autem excepturi similique quisquam in. Ad ipsum mollitia quia magni magni aut quam. Quis sint ratione nam neque modi."
44,nulla,"Doloremque odio voluptas sint dolores consequuntur. Unde velit sed eum voluptate minus. Accusamus laborum natus quam incidunt et ullam voluptate. Cumque atque omnis et saepe."
45,nemo,"Nostrum ut quia accusantium ut vel. Facere accusantium autem repudiandae in repudiandae aut excepturi alias. Veritatis totam autem vel quia."
46,quasi,"Quam quia tenetur repellat ut et aut. Officia veritatis qui ratione rerum tempore et laboriosam rerum. Quam qui atque perferendis omnis rem et quisquam."
47,consequatur,"Sed aut aut neque labore porro. Ea saepe aut tenetur atque nihil."
48,eos,"Veniam nihil delectus quia magni asperiores ut cum. Deleniti qui incidunt praesentium molestias corporis. Nostrum libero omnis aliquam qui autem. Modi autem voluptas fugiat aut assumenda aut."
49,at,"Facilis quo molestiae possimus sed ut ea. Delectus ducimus velit ut facilis quia quidem doloribus alias."
50,sint,"Itaque quod quis iure error aliquid eum facilis. Eligendi quia dolore doloremque nihil. Nam aliquid dolore aut consequatur unde exercitationem occaecati. Dolore qui commodi beatae eius sed exercitationem et."
51,qui,"Odio assumenda qui quia quam sit dolores. Excepturi et sit corrupti. Sed et tenetur consequatur assumenda. Voluptates necessitatibus quia neque."
52,qui,"Sed sed consequuntur et inventore vel. Quisquam saepe sit id qui adipisci quia. Et aut dolores ut ducimus consequatur illo excepturi esse. Ad provident magnam ipsam fuga modi."
53,amet,"Corrupti quisquam mollitia earum repellat ab. Eveniet sint blanditiis quibusdam accusamus qui esse quasi. Aliquid qui officia omnis et non."
54,sit,"Impedit cupiditate cupiditate assumenda iure et. Et dolores animi nemo veritatis delectus. Atque omnis hic et voluptates. Fuga voluptas vero libero quia dicta neque voluptas earum."
55,voluptatem,"Expedita sapiente libero aut neque illo nisi aut. Eum exercitationem soluta explicabo occaecati aliquid impedit quia repellendus. Alias est et doloribus. Voluptatem velit ea id officiis magnam ad."
56,voluptatem,"Nisi eligendi quia vitae quisquam iusto voluptates. Quia sit alias nihil temporibus voluptas neque."
57,animi,"Officiis quia aliquid dolor quam sed. Vero magni sit nisi laboriosam consequatur minima totam architecto. Non est ipsa magni blanditiis necessitatibus pariatur."
58,eaque,"Assumenda aliquid quo ipsam enim dolorem qui voluptas. Quia ut porro officia nihil quis quaerat sed dolorem. Voluptatem dolorum eum et praesentium. Quo quasi nisi maxime consequatur iusto."
59,iste,"Nihil vel enim magnam blanditiis. Enim quo minus quibusdam deleniti consequatur ut. Facilis quis eius quos ut."
60,architecto,"Repellat voluptate et consequatur voluptatibus incidunt nemo repellendus. Nulla dolores aspernatur quia distinctio aut qui officia perferendis. Adipisci sed et pariatur. Rerum ut magni fuga sunt."
61,est,"Reiciendis et eum reprehenderit molestias. Consequatur accusantium ducimus delectus ipsa vero voluptatem. Eum molestiae ut et. Cumque a excepturi dolorum fugit et totam voluptas incidunt."
62,veritatis,"Dolorem et iste autem voluptatem vel. Qui vel amet quis deleniti magni est. Incidunt consequatur eaque itaque quidem. Numquam voluptatum natus et possimus."
63,aut,"Fuga voluptas incidunt iste voluptas ut. Et impedit natus alias eveniet quaerat quia quo. Voluptatem perspiciatis numquam corrupti quis."
64,cupiditate,"Quia voluptatum omnis molestias est dicta dolores. Voluptate est ea veritatis. Ut iste a expedita."
65,labore,"Ullam autem eligendi sint eius. Consectetur ut corporis omnis. Id qui necessitatibus voluptatem cum. Sit omnis eum minima. Molestiae dolores sint ex vel."
66,dolores,"Praesentium ad mollitia atque cum autem. At adipisci saepe rerum asperiores et debitis occaecati. Culpa consequatur et eius perferendis deserunt."
67,eum,"Quia similique nihil dolor perspiciatis dolore perspiciatis accusamus. Reiciendis eveniet sapiente eos rerum fugiat quia et. Praesentium consectetur qui accusamus itaque voluptas distinctio."
68,sunt,"Maiores in iure qui expedita. Voluptas quas rem facilis deserunt ab. Eveniet quod quaerat voluptatem et qui at dolorem. Sapiente corporis vel quis eligendi hic."
69,ipsum,"Est rerum aperiam saepe exercitationem sint libero sint. Corporis repellat sint ut est dolores. Voluptatem nemo molestiae corrupti inventore. Voluptate numquam dignissimos tempora voluptatem et voluptatem. Voluptatem quos provident tenetur et suscipit distinctio omnis."
70,eos,"Et beatae quos aspernatur rerum earum. Accusantium quaerat sint fugiat voluptate culpa. Temporibus fugit nam dolor eius doloremque."
71,qui,"Ut accusantium aut enim illum qui. Aut et animi dignissimos magni. Ipsam quo explicabo veniam hic id voluptatem."
72,voluptatum,"Et quae deleniti libero hic aliquid et. Doloribus dolor et debitis sequi esse. Doloribus dignissimos vel mollitia ab esse ratione. Quia consequatur cum praesentium dolorem provident."
73,amet,"Rerum nisi alias harum pariatur quas in. Eaque porro optio modi minima esse est. Earum provident sint facere architecto cupiditate vel et."
74,et,"Et voluptatem esse est sit aperiam. Labore quo aliquam et ducimus. Voluptates aut et et et possimus necessitatibus. Eligendi laboriosam quia sed laboriosam. Ipsum fuga dolor eligendi ut vel aliquam ab."
75,ratione,"A facilis ut dolorum necessitatibus et illo id odio. Occaecati quia rerum asperiores at cumque. Et minus enim incidunt minima sed quisquam aut. Tenetur corrupti consequatur dolorum ipsa qui eos odit."
76,et,"Inventore explicabo et aut eos voluptatum. Voluptatem omnis inventore velit necessitatibus. Autem saepe ut rerum eveniet voluptas placeat ut. Maxime iusto blanditiis rerum provident enim delectus. Non itaque debitis harum qui."
77,aut,"Nemo numquam ea aliquid ut nisi nulla nemo sint. Incidunt saepe molestiae dolore eum impedit. Et dolorem cupiditate nam voluptas rerum laudantium corrupti."
78,ut,"Quia dolor qui ut fugit. Aut consequatur optio quisquam ad animi. In molestias in voluptas optio nostrum occaecati enim. Repudiandae quos rerum incidunt et distinctio et deserunt est."
79,quia,"Consequatur et quasi adipisci quibusdam ad beatae. Facilis dolor exercitationem voluptates quaerat possimus. Dicta eaque nobis aut nihil."
80,beatae,"Minima excepturi ut nam amet dolore autem. Et omnis officiis velit voluptatibus. Excepturi quaerat ex dolor labore. Quae explicabo dolor in rerum. Illum dolores iusto et ullam aut."
81,laborum,"Laboriosam temporibus voluptatum aliquam maiores quis non inventore. Aut vel molestias quia. Labore natus numquam omnis assumenda odio quo."
82,qui,"Dolore nostrum aut autem aut dignissimos saepe. Asperiores ipsam unde ipsam voluptas ab aut. Possimus dolorem minus laborum dolorum eos."
83,qui,"Nam blanditiis corrupti quo aut nemo non veritatis eligendi. Necessitatibus accusantium aliquam ratione est ab. Tenetur earum magnam accusantium consectetur eos dolorem. Occaecati voluptates eligendi ipsum corrupti."
84,aspernatur,"Sint magnam ab ut quisquam ipsam autem odio. Mollitia debitis est est. Et sint exercitationem quasi. Cupiditate sunt omnis odit est cum voluptas aperiam."
85,laudantium,"Labore aut sapiente quam odit. Eius aut est ipsum sed in. Velit dolores fugit et vel."
86,pariatur,"Molestiae sed ea possimus expedita id. Et a eum nam quo voluptatem. Et odit aut dolor voluptatem eum provident velit."
87,non,"Distinctio non omnis sunt fugit velit. Sed magni distinctio illo sint eaque accusamus."
88,numquam,"Rem architecto sint saepe consequuntur. Vel iure at natus ut. Tenetur sed quia inventore reiciendis sapiente nesciunt. Aut at ad aut illo hic et earum quaerat. Dolores magnam repellendus quo."
89,quisquam,"Ducimus delectus atque totam. Consequuntur non odio laboriosam expedita labore distinctio quo. Quia ipsa sed eaque dolores in."
90,voluptatem,"At itaque nostrum harum ad quia. Esse iusto beatae amet architecto consequuntur laborum. Et architecto ratione nisi consequatur adipisci dolor quasi. Et architecto debitis nam distinctio possimus vero aspernatur perspiciatis."
91,aspernatur,"Labore incidunt rerum cupiditate nesciunt. Est cum tempore assumenda nulla minus. Autem beatae voluptatem ex totam nam mollitia."
92,ipsam,"Id assumenda non omnis quibusdam sit error. Modi at aut animi quam tenetur at quae. Magni vero perspiciatis dolor amet porro aliquam. Quas ut voluptatum doloribus ratione vero."
93,eos,"Id expedita voluptates culpa accusamus voluptas in exercitationem. Fugiat repellendus ut quaerat voluptatibus inventore voluptatem. Sunt maxime est omnis atque rem laudantium."
94,aut,"Magni vel eos et quidem sunt non. Ab molestiae nihil ipsam praesentium ullam ut cum. Nihil saepe illo ratione molestiae. Architecto iusto omnis velit molestiae blanditiis officiis."
95,aut,"Et commodi velit quisquam expedita. Dolor doloribus nemo magnam commodi quos amet. Est nihil qui saepe odio eos perspiciatis."
96,labore,"Vero quod ipsa sit corrupti atque est aut. Quia unde veritatis facere quis consequatur est. Ut rerum ipsa molestias. Voluptate minus adipisci reprehenderit omnis possimus in."
97,dolor,"Officiis rerum totam suscipit architecto odio reprehenderit optio molestiae. Quia omnis nobis suscipit rerum reiciendis. Aut ipsam debitis ipsa rerum sapiente."
98,blanditiis,"Dolorum reprehenderit cumque voluptatem quibusdam. Totam et officia dicta quis ab velit voluptatum. Aut optio est odit esse."
99,omnis,"Perferendis eum pariatur dolores quisquam. Omnis soluta voluptatem aut illum consequatur. Qui velit sit qui voluptates. Aut voluptatem veniam qui illo laudantium ullam corrupti. Sint consequatur perspiciatis et eaque."
100,placeat,"Illo nulla aut modi veritatis consectetur amet. Voluptas alias nostrum porro magni. Quia dignissimos maiores tempora qui."
