TagID,TagName
1,ullam
2,aperiam
3,voluptatibus
4,omnis
5,ut
6,ut
7,accusamus
8,at
9,rerum
10,ut
11,facilis
12,ut
13,et
14,iure
15,nostrum
16,nobis
17,numquam
18,dolorum
19,officia
20,sequi
21,consequatur
22,cupiditate
23,possimus
24,expedita
25,aut
26,est
27,est
28,ab
29,totam
30,quis
31,sint
32,voluptatem
33,mollitia
34,quam
35,et
36,facilis
37,et
38,vitae
39,vel
40,voluptas
41,placeat
42,sunt
43,magnam
44,animi
45,assumenda
46,dolorum
47,vitae
48,placeat
49,a
50,et
51,sed
52,accusamus
53,et
54,praesentium
55,vel
56,aliquam
57,modi
58,labore
59,sed
60,in
61,impedit
62,iste
63,quo
64,ducimus
65,placeat
66,in
67,ducimus
68,suscipit
69,vero
70,ut
71,quia
72,neque
73,quia
74,sint
75,nobis
76,aut
77,temporibus
78,minus
79,ipsam
80,nihil
81,numquam
82,voluptatibus
83,eum
84,voluptas
85,voluptatem
86,facere
87,sunt
88,rerum
89,delectus
90,sit
91,ut
92,voluptas
93,veritatis
94,nihil
95,eos
96,quae
97,praesentium
98,aut
99,rerum
100,sit
