UserID,Fullname,Address,Email,LastLoginDate
1,"Dr. Ellis Botsford","43 Madilyn Gateway",eldred53@hettinger.com,2016-01-06
2,"Alexzander Rutherford","4 Abbott Heights",eveline.corkery@runolfsdottir.net,1975-07-17
3,"Ernestina Stamm","5 Koepp Lights",satterfield.maggie@hotmail.com,2015-01-12
4,"Mrs. Lulu Schuppe","5 Alaina Mount",leanne.howe@gmail.com,1971-01-31
5,"Braeden Gislason","102 Floy Park",walsh.pink@gottlieb.com,1985-07-08
6,"Miss Stacy Schaefer","65 Lennie Plain",hickle.angelica@hotmail.com,2020-09-07
7,"Julian Hirthe","097 Lucy Spur",lindgren.josephine@pfannerstill.com,2001-05-10
8,"Kitty Kautzer","Flat 76v
Swift Landing",ansel.flatley@price.com,2021-01-18
9,"Ms. Whitney Cummings","Studio 45
O'Reilly Squares",qkulas@morissette.com,1977-03-22
10,"Prof. Elmer Greenfelder DVM","Flat 39c
Casper Meadows",rhett.brown@yahoo.com,2005-10-18
11,"Ms. Sylvia Pagac","89 Denis Orchard",joesph68@rogahnwolf.net,2003-01-06
12,"Thurman Hintz","60 Maye Canyon",brook.bergstrom@gmail.com,1971-07-30
13,"Maiya Blanda III","Flat 74
Gulgowski Stream",kschmeler@yahoo.com,1987-11-02
14,"Prof. Wilford Jerde Sr.","Flat 70
Lang Crest",alfonso.howe@balistreri.com,2021-12-30
15,"Liana Tillman","65 Rosie Crest",tbernier@carrollkoch.com,1996-06-05
16,"Gerald Howe","362 Quigley Overpass",marcellus.schinner@boganherman.com,2002-11-04
17,"Louisa Schmeler","Studio 26x
Bulah Wall",morton.cruickshank@gmail.com,1988-01-28
18,"Brad Fritsch","1 Zemlak Spring",gdare@gmail.com,1970-11-17
19,"Ayla Cummings","Studio 89
Rosie Shoal",turner.cole@borer.com,2018-06-05
20,"Alexane Heller","5 Frank Alley",kling.oren@deckow.com,2018-06-01
21,"Ulises Waters II","262 Heller Valleys",kkoch@hotmail.com,1973-03-31
22,"Kiara Gorczany II","Flat 68
Brendan Mews",stokes.frederic@herman.com,1983-01-11
23,"Dixie Veum","9 Andre Vista",krowe@gmail.com,2017-01-13
24,"Dr. Berry Balistreri","9 Amalia Court",howe.alycia@yahoo.com,1976-09-16
25,"Kylee Schuppe","99 Kirstin Green",murphy.stehr@brakusjohns.com,2012-10-10
26,"Tabitha White III","9 Keyshawn Station",floy.mckenzie@batz.net,1976-10-04
27,"Keanu Leuschke","1 Beier Courts",robel.edwin@trantow.com,1991-08-12
28,"Nedra Daugherty Sr.","67 Antonette Villages",tmraz@yahoo.com,1972-01-18
29,"Alexandro Reinger Jr.","Flat 79
Gabe Branch",margarette16@quitzon.com,2004-02-14
30,"Jarred Conroy","95 Imani Ranch",srempel@gmail.com,1989-03-13
31,"Jesse Renner","Studio 19y
Colin Square",freddy44@beatty.com,2001-06-07
32,"Emil Auer","92 Muller Shoals",bcrooks@lesch.net,1978-06-16
33,"Norwood Gerhold","0 Koepp Oval",skohler@mills.biz,1995-12-06
34,"Vernice Gerlach","738 Talia Rapids",pfannerstill.berenice@ziemeroberts.com,2022-06-21
35,"Milford Wyman","79 Brielle Mill",lew32@gmail.com,1996-02-16
36,"John Parker","515 Weber Harbour",vlowe@jacobigulgowski.com,2002-06-11
37,"Ms. Lily Rohan","79 Oberbrunner Ports",sanford.conor@mann.org,2014-11-06
38,"Elody Robel PhD","Studio 92
Kovacek Fort",vtromp@yahoo.com,1973-06-20
39,"Mrs. Avis Dibbert","24 Ismael Plains",qveum@oberbrunnergerlach.com,1991-07-10
40,"Prof. Carmen Christiansen V","8 Asia Pines",quigley.dario@gmail.com,2020-09-01
41,"Ines Hessel MD","Flat 78g
Gerhold Glen",sallie06@vonabernathy.info,1991-05-01
42,"Ronaldo Blick","415 Kuvalis Underpass",rosenbaum.wilfred@hermiston.org,1989-02-04
43,"Hayden O'Reilly","755 Wilbert Port",denesik.tony@yahoo.com,2012-12-31
44,"Prof. Ayana Schmitt V","6 Audie Passage",ondricka.walton@hotmail.com,1997-01-07
45,"Ms. Fay Bradtke","810 Samir Square",herman.koby@wilkinson.com,1976-06-18
46,"Bart Reilly","Studio 79
Eleazar Pines",omer63@yahoo.com,1982-08-15
47,"Magdalen Waelchi","177 Gerlach Highway",gottlieb.cade@gmail.com,1978-10-12
48,"Prof. Britney Ortiz IV","Flat 10
Golda Lodge",jacynthe.senger@walkerreichert.biz,2024-03-02
49,"Rosella Tremblay V","196 Alanna Lane",rory.hermann@donnelly.info,2005-02-07
50,"Stephon McCullough DVM","9 Gabe Square",yschumm@corkery.com,1977-07-31
51,"Kiarra Johnston Jr.","6 Minerva Shores",alynch@hotmail.com,2013-06-08
52,"Janis Blick","085 Cortez Divide",bgrant@gmail.com,2013-08-13
53,"Hettie Reinger","Studio 53n
Kuvalis Way",leuschke.clint@yahoo.com,1988-12-04
54,"Ms. Alexandria Reichert","18 Borer Highway",heloise.vonrueden@koepp.com,1990-06-18
55,"Marco Lemke","Studio 06e
Kaley Rapid",dickens.sunny@mcdermottrolfson.com,1992-04-21
56,"Henriette Koepp Sr.","540 Reilly Forks",larson.joelle@hotmail.com,1990-03-10
57,"Bettye Stoltenberg MD","80 Major Alley",helen.hahn@hotmail.com,1977-01-18
58,"Norma Ratke","Flat 76
Prosacco Island",izabella67@sporer.com,1982-01-26
59,"Ms. Valerie Gaylord","61 Maxwell Ranch",hyatt.jodie@spencer.com,1997-09-14
60,"Winnifred Lehner","92 Hammes Ports",myrtie86@yahoo.com,2010-07-04
61,"Dr. Geraldine Jacobson","091 Barton Hollow",virginie06@stiedemannmurazik.net,2005-02-09
62,"Ericka Marvin","Studio 14j
Leonora Courts",lola19@yahoo.com,1985-06-30
63,"Keely Goldner","41 Aurore Row",morris.smith@bashirian.com,1984-03-15
64,"Sydnee Jast V","283 Lowe Rest",cwillms@yahoo.com,1971-05-02
65,"Jillian Skiles","Studio 72o
Demario Parkway",otromp@hotmail.com,1983-03-23
66,"Mr. Kendall Wilderman Sr.","77 Roob Loaf",aufderhar.catalina@wardmueller.com,2009-02-09
67,"Dr. Mose Rippin","8 Kameron Creek",felipe89@gmail.com,1976-06-18
68,"Mrs. Brandyn Lakin PhD","15 Hackett Lights",una.huel@yahoo.com,1999-10-01
69,"Mr. Nicholas Hintz DDS","Studio 47
Kris Gateway",jmarvin@yahoo.com,1982-12-20
70,"Dorothy Prohaska","9 Kuphal Shoals",reichert.gerson@yahoo.com,2023-03-28
71,"Constance Hermann","Studio 64z
Predovic Drives",gusikowski.corine@gmail.com,2001-03-03
72,"Miss Ernestina VonRueden","Studio 05
Rodrick Overpass",name47@connellyhowe.com,2001-11-06
73,"Kenton Rowe MD","973 Kulas Heights",morar.dillan@mckenziecummings.com,1980-02-18
74,"Julie West","4 Dorcas Park",powlowski.tyler@hotmail.com,1980-03-05
75,"Ressie Luettgen","18 Meredith Park",jayden53@gmail.com,1971-11-25
76,"Angus Paucek","Studio 00r
Stacy Viaduct",douglas.lila@hotmail.com,2019-01-12
77,"Stevie Schmidt","554 Kertzmann Trace",miller.carson@hotmail.com,1983-11-23
78,"America Schneider III","22 Alena Plaza",tiffany.flatley@hotmail.com,1993-09-04
79,"Hallie Bahringer","Studio 75
Sipes Track",cynthia48@yahoo.com,2000-03-30
80,"Aylin Hilpert","7 Labadie Springs",favian43@toy.com,2017-06-03
81,"Mr. Golden Barton","655 Fay Trail",alta.bartoletti@reinger.biz,1997-10-04
82,"River Mills MD","Studio 41
Emmalee Park",giovani05@yahoo.com,2006-03-13
83,"Prof. Brooke Sawayn PhD","505 Miracle Ferry",llubowitz@gmail.com,1995-07-03
84,"Prof. Maximus Fritsch MD","Flat 06
Faye Island",conn.sidney@wolffstamm.info,1997-10-10
85,"Mr. Jeromy West III","02 Wunsch Drives",florence.kozey@gmail.com,1982-09-12
86,"Gerhard Reynolds","065 Graham Stream",kozey.charlie@carrolllabadie.com,2009-11-18
87,"Ethyl Fritsch Jr.","Flat 18z
Kuphal Ways",wava.harber@yahoo.com,2020-11-17
88,"Kayleigh Sanford","572 Mayer Shoal",brekke.ariel@gmail.com,2013-06-29
89,"Conrad Buckridge","115 Hanna Loaf",justus53@hotmail.com,2017-06-11
90,"Dr. Jadyn Prohaska","14 Pierre Grove",ecartwright@gmail.com,2002-06-18
91,"Darien Becker","Flat 84
Kuhic Lodge",zreynolds@hotmail.com,2014-01-23
92,"Beau Sauer","440 Davin Village",alexandria.schamberger@hotmail.com,1996-01-30
93,"Reina Rosenbaum I","97 Andre Hollow",retha15@yahoo.com,2021-11-02
94,"Annamae Hills","Flat 47
Torphy Mews",vella57@mayertcrona.com,1978-01-07
95,"Miss Lilyan O'Keefe III","7 Tabitha Burg",mitchell96@gmail.com,2017-01-18
96,"Estel Orn","02 Adrain Island",mercedes.waelchi@yahoo.com,2013-02-24
97,"Cary O'Connell","4 O'Keefe Park",quentin.dietrich@hotmail.com,2022-06-11
98,"Reina Turner","Studio 57e
Kristian Oval",lmiller@yahoo.com,1979-01-25
99,"Alex Murazik","119 Arturo Overpass",kling.cleveland@yahoo.com,2016-07-03
100,"Manuela Sipes","Flat 23
Veum Green",bturner@gmail.com,2006-12-12
