ShelfID,Name
1,maiores
2,et
3,sint
4,voluptas
5,consectetur
6,mollitia
7,iusto
8,neque
9,hic
10,et
11,asperiores
12,excepturi
13,explicabo
14,aut
15,est
16,nihil
17,recusandae
18,dolor
19,cupiditate
20,placeat
21,rerum
22,mollitia
23,ut
24,alias
25,ab
26,explicabo
27,voluptatem
28,eos
29,nobis
30,aut
31,repudiandae
32,magni
33,voluptatem
34,ea
35,labore
36,minus
37,excepturi
38,et
39,earum
40,vel
41,quis
42,facilis
43,in
44,eveniet
45,excepturi
46,dolor
47,laudantium
48,et
49,quis
50,blanditiis
51,autem
52,sequi
53,omnis
54,alias
55,repellat
56,totam
57,et
58,et
59,dolorum
60,consequuntur
61,et
62,magnam
63,quisquam
64,voluptatem
65,quis
66,labore
67,ut
68,rerum
69,veniam
70,ipsam
71,id
72,velit
73,voluptas
74,repellendus
75,et
76,cumque
77,aut
78,corporis
79,doloribus
80,consequatur
81,vel
82,fugiat
83,minima
84,nesciunt
85,totam
86,voluptas
87,ut
88,veritatis
89,magnam
90,harum
91,in
92,dolor
93,et
94,accusantium
95,et
96,illum
97,tenetur
98,mollitia
99,vel
100,officia
